scale,posX,posY,posZ,pecVX,pecVY,pecVZ,mvir,m200c_all,rvir,rs,vmax,pid,upid,desc_id,mmp,dfid,id,num_prog,lastprog_dfid,sam_mvir
1.0,73.0148688316203,82.74231843773573,79.51425806169733,-137.4600067138672,343.8699951171875,320.9700012207031,4205036697.9585752,4304574579.049322,42.65087049811381,0.08791536337003109,43.5099983215332,1313946,1313946,-1,1,273267,1314455,1,274500,4205036697.9585752
0.9962000250816345,73.02272445912901,82.72253157857668,79.49587521121747,-134.52000427246094,344.32000732421875,315.57000732421875,4210996680.0774846,4308448720.011921,42.73580733895959,0.17881090346862014,43.36000061035156,1309927,1309927,1314455,1,273268,1310438,1,274500,4207018399.642378
0.9922999739646912,73.03032429558282,82.70260829752168,79.47763446687924,-132.50999450683594,344.57000732421875,309.9700012207031,4205036697.9585752,4310385790.49322,42.782000361354314,0.166890185452346,43.0,1305872,1305872,1310438,1,273269,1306389,1,274500,4207018399.642378
0.9884999990463257,73.0381173963892,82.68259406853603,79.45993372587915,-129.91000366210938,344.8800048828125,305.1199951171875,4205036697.9585752,4295037997.317836,42.84756245085174,0.08046491044659387,43.29999923706055,1301789,1301789,1306389,1,273270,1302311,1,274500,4207018399.642378
0.9846000075340271,73.04560923217537,82.66249457586541,79.4422273006334,-127.2300033569336,344.5799865722656,299.9800109863281,4210996680.0774846,4289375556.5489492,42.93249929169752,0.15645953914728733,44.119998931884766,1297683,1297683,1302311,1,273271,1298207,1,274500,4204038027.119654
0.9807999730110168,73.05301580427655,82.64230413526415,79.42498698353216,-124.94000244140625,344.4100036621094,294.8800048828125,4196095961.853673,4316048231.262107,42.9459084272207,0.15347936241872936,43.90999984741211,1293580,1293580,1298207,1,273272,1294105,1,274500,4203054614.8115034
0.9769999980926514,73.06030300721879,82.62177263992302,79.40747950688468,-123.19999694824219,344.7300109863281,290.3399963378906,4202056325.4358516,4306511649.530622,43.03084526806648,0.146028903944271,43.38999938964844,1289490,1289490,1294105,1,273273,1290018,1,274500,4200566329.906124
0.9731000065803528,73.06748789373906,82.60129798703854,79.39040403290772,-119.9000015258789,344.9100036621094,286.0299987792969,4203546320.9655786,4298912138.280435,43.10237013126624,0.15347936241872936,43.150001525878906,1285397,1285397,1290018,1,273274,1285926,1,274500,4201564619.281776
0.9692999720573425,73.07469551724198,82.5807323862234,79.37345929658105,-117.8499984741211,344.5,281.32000732421875,4199075952.9131274,4295037997.317836,43.15303097075347,0.1415586333004129,43.45000076293945,1281297,1281297,1285926,1,273275,1281825,1,274500,4199568040.5304723
0.965499997138977,73.08165871818132,82.560018995021,79.35659413969368,-115.98999786376953,343.82000732421875,276.6199951171875,4196095961.853673,4329458953.956191,43.20518676685054,0.12367753962293819,43.9900016784668,1277205,1277205,1281825,1,273276,1277732,1,274500,4200074623.7520485
0.9616000056266785,73.08854233968135,82.5391578134313,79.34005298480922,-112.58000183105469,344.2300109863281,272.5,4205036697.9585752,4344657976.456564,43.3035327432195,0.5781552845240527,44.20000076293945,1273106,1273106,1277732,1,273277,1273636,1,274500,4201058036.0601993
0.9577999711036682,73.09540890844438,82.51840463250925,79.32357435662706,-110.5,344.9599914550781,269.3900146484375,4202056325.4358516,4325584812.993592,43.355685697193735,0.12218745680968038,44.150001525878906,1269004,1269004,1273636,1,273278,1269537,1,274500,4204544610.3412304
0.9538999795913696,73.10195147520453,82.49733313382995,79.30734583525415,-109.66000366210938,343.6300048828125,264.9599914550781,4206526693.4883027,4295037997.317836,43.43913042355251,0.07748472816701475,44.29999923706055,1264910,1264910,1269537,1,273279,1265442,1,274500,4206034987.334227
0.9501000046730042,73.10867025358029,82.47611384476338,79.29107183991593,-107.44000244140625,343.5299987792969,261.1000061035156,4209506684.547757,4302637508.568023,43.510655286752275,0.11771718616582227,43.52000045776367,1260805,1260805,1265442,1,273280,1261340,1,274500,4208508395.1721053
0.9463000297546387,73.1151389251468,82.45475813380085,79.27484900278868,-104.4800033569336,344.2300109863281,257.5899963378906,4209506684.547757,4335121394.725078,43.576217376249694,0.11771718616582227,43.45000076293945,1256700,1256700,1261340,1,273281,1257236,1,274500,4210996680.0774846
0.9423999786376953,73.12181222955724,82.43333421189034,79.25906953682329,-101.94999694824219,343.739990234375,252.1300048828125,4213977052.6002083,4342870058.113544,43.66115421709547,0.13112799809739656,43.5099983215332,1252607,1252607,1257236,1,273282,1253143,1,274500,4209506684.547757
0.9386000037193298,73.1282070059301,82.41175681534689,79.24336396605153,-100.68000030517578,343.2799987792969,248.75,4205036697.9585752,4340932987.632245,43.692445989480014,0.09238563401388919,43.400001525878906,1248512,1248512,1253143,1,273283,1249053,1,274500,4208016689.0180297
0.9348000288009644,73.13416977963243,82.3900884708728,79.22780618566706,-98.31999969482422,342.7900085449219,244.86000061035156,4205036697.9585752,4321710672.030993,43.756518806613265,0.12814782136883862,44.029998779296875,1244405,1244405,1249053,1,273284,1244949,1,274500,4204544610.3412304
0.930899977684021,73.14020076428275,82.36842581064437,79.21250419633752,-95.5,342.3699951171875,240.1999969482422,4203546320.9655786,4321710672.030993,43.81463169216701,0.12814782136883862,43.91999816894531,1240281,1240281,1244949,1,273285,1240829,1,274500,4211488767.694829
0.9271000027656555,73.14635680233769,82.34650735936103,79.19713968030565,-93.37999725341797,341.6300048828125,236.61000061035156,4225897779.7645655,4298912138.280435,43.9591706909307,0.10728653986076363,43.59000015258789,1236136,1236136,1240829,1,273286,1236682,1,274500,4216465337.5055876
0.9232000112533569,73.15240483972501,82.32464575053433,79.1823549573316,-90.88999938964844,341.1400146484375,231.75999450683594,4219937416.182387,4308448720.011921,44.003874440961255,0.12218745680968038,43.7599983215332,1232003,1232003,1236682,1,273287,1232548,1,274500,4227387775.294293
0.9193999767303467,73.15821982304006,82.302710246514,79.1675759186032,-88.5999984741211,341.1000061035156,227.42999267578125,4236328511.399195,4312174090.299508,44.12010021206874,0.12963790418209642,43.4900016784668,1227879,1227879,1232548,1,273288,1228425,1,274500,4229369858.441365
0.9156000018119812,73.16395522691582,82.28073495277401,79.15275140590948,-86.9000015258789,340.6199951171875,224.27999877929688,4231858143.346744,4304574579.049322,44.17225316604298,0.13410818592799684,43.689998626708984,1223739,1223739,1228425,1,273289,1224288,1,274500,4237326800.774847
0.9117000102996826,73.16949736643896,82.25838449882015,79.1381485787967,-84.0999984741211,339.1300048828125,220.52999877929688,4243778870.511101,4375353944.2706,44.27656191611428,0.14453882113101318,43.34000015258789,1219603,1219603,1224288,1,273290,1220151,1,274500,4239800208.6127253
0.9078999757766724,73.1748462416095,82.2361932037449,79.12381291123016,-81.13999938964844,338.2099914550781,215.8800048828125,4243778870.511101,4384890526.002086,44.34063473324753,0.15794963306258747,43.529998779296875,1215449,1215449,1220151,1,273291,1215995,1,274500,4248740944.7176275
0.9039999842643738,73.18025764348236,82.21379727582571,79.1096420867879,-79.43000030517578,338.04998779296875,211.9600067138672,4258679588.734913,4365668210.400834,44.45835261884202,0.16092982089318775,43.880001068115234,1211296,1211296,1215995,1,273292,1211844,1,274500,4253717895.9916553
0.9002000093460083,73.1854132543003,82.19129903148458,79.09569294792657,-77.62000274658203,337.5299987792969,207.7899932861328,4258679588.734913,4390552966.770973,44.52242543597527,0.17434063282476206,43.61000061035156,1207120,1207120,1211844,1,273293,1207670,1,274500,4264640333.78036
0.896399974822998,73.19052339115294,82.16878373440643,79.08220991720974,-75.25,337.0400085449219,204.83999633789062,4276561060.9447174,4388615896.289674,44.64610325314927,0.17583072674006217,43.470001220703125,1202943,1202943,1207670,1,273294,1203498,1,274500,4276068973.3273726
0.8924999833106995,73.19533794723098,82.14607517297569,79.0686473070536,-73.06999969482422,335.9200134277344,201.22000122070312,4292951774.6982565,4488004625.24214,44.76978107032327,0.19222171540019445,43.349998474121094,1198765,1198765,1203498,1,273295,1199319,1,274500,4287989700.4917297
0.888700008392334,73.20030029369633,82.12330408484263,79.05504490717782,-71.22000122070312,335.0400085449219,197.3699951171875,4294441770.227984,4480405113.991953,44.841305933523024,0.18775145585837866,43.790000915527344,1194586,1194586,1199319,1,273296,1195143,1,274500,4300894221.427506
0.8848999738693237,73.20534790384664,82.10037383783096,79.041544823724,-69.19999694824219,334.20001220703125,193.6999969482422,4315303233.497243,4526150952.168082,44.978392886220206,0.20116227889199526,44.33000183105469,1190385,1190385,1195143,1,273297,1190944,1,274500,4307852874.385337
0.8809999823570251,73.20992372160678,82.07727874769502,79.02832895255341,-66.97000122070312,334.3699951171875,188.75999450683594,4313813237.967516,4510952311.130979,45.035016499409785,0.21457307972152725,43.83000183105469,1186192,1186192,1190944,1,273298,1186753,1,274500,4323245298.763225
0.8772000074386597,73.21442564417328,82.05453608079029,79.01570424293196,-63.41999816894531,333.2799987792969,183.99000549316406,4340634683.355684,4572045942.4824915,45.191475361332486,0.21755326755212753,44.220001220703125,1182009,1182009,1186753,1,273299,1182573,1,274500,4335166025.927582
0.8733000159263611,73.21881956607214,82.03120225233641,79.00326142917179,-60.150001525878906,331.42999267578125,179.36000061035156,4351065414.9903145,4627477133.065117,45.289821337701454,0.21904336146742767,43.529998779296875,1177812,1177812,1182573,1,273300,1178382,1,274500,4348577130.084935
0.8694999814033508,73.22270759010684,82.00827200532474,78.99088114211392,-57.810001373291016,329.70001220703125,174.9600067138672,4354045406.049768,4646550296.528088,45.36730613248072,0.22202354929802795,43.709999084472656,1173621,1173621,1178382,1,273301,1174194,1,274500,4360497857.249292
0.8657000064849854,73.22664108810686,81.98501207206452,78.97863159270635,-54.630001068115234,328.29998779296875,170.72999572753906,4376396864.848756,4690508216.361197,45.51035585888024,0.22500371492454357,43.86000061035156,1169410,1169410,1174194,1,273302,1169986,1,274500,4378378947.995828
0.8618000149726868,73.23045521694792,81.96195677164822,78.96672878228433,-51.70000076293945,326.95001220703125,165.47999572753906,4404708687.22992,4801370978.989718,45.66681472080295,0.23692444404286006,43.459999084472656,1165200,1165200,1169986,1,273303,1165779,1,274500,4402726985.546118
0.8579999804496765,73.23400218624273,81.93879915480996,78.95496807800393,-48.90999984741211,325.8999938964844,160.3000030517578,4427060146.028908,4843391446.87826,45.80986444720247,0.25927580836419284,43.380001068115234,1160992,1160992,1165779,1,273304,1161575,1,274500,4423588067.352108
0.854200005531311,73.23733883844795,81.9154653263561,78.94370190309635,-44.70000076293945,324.57000732421875,156.13999938964844,4438980873.193265,4954254209.50678,45.91268108278677,0.2577857144488927,43.47999954223633,1156766,1156766,1161575,1,273305,1157356,1,274500,4447429521.680822
0.8503000140190125,73.24023211949131,81.89201212874326,78.93266309801538,-41.040000915527344,322.4100036621094,151.57000732421875,4476233050.216063,5038295145.283862,46.10788376316053,0.2741767253131096,44.16999816894531,1152531,1152531,1157356,1,273306,1153122,1,274500,4474251348.53226
0.8464999794960022,73.24303445260405,81.868871564642,78.92191987370897,-38.18000030517578,321.1300048828125,146.1699981689453,4507524863.656683,5070779412.904187,46.27775176060642,0.29652808963444244,44.310001373291016,1148288,1148288,1153122,1,273307,1148883,1,274500,4499582798.390701
0.8425999879837036,73.24583678571678,81.84541836702917,78.91129601856153,-35.16999816894531,320.4200134277344,140.3800048828125,4514975604.231858,5141409625.987185,46.367159260667535,0.31142900658335915,44.04999923706055,1144037,1144037,1148883,1,273308,1144634,1,274500,4521427673.968112
0.8388000130653381,73.24830943258095,81.82199359064467,78.9010871133476,-32.40999984741211,319.70001220703125,134.89999389648438,4541797049.620027,5206377779.764565,46.522128850226075,0.36358218259844083,44.43000030517578,1139785,1139785,1144634,1,273309,1140385,1,274500,4539815347.936224
0.8349999785423279,73.25066271028616,81.79865976219081,78.8913102108042,-28.690000534057617,317.04998779296875,129.38999938964844,4562658512.889286,5292355786.022947,46.65772653055908,0.39636418212279,43.52000045776367,1135511,1135511,1140385,1,273310,1136112,1,274500,4548249119.35628
0.8310999870300293,73.25270335447982,81.77508719541902,78.88197099517699,-25.799999237060547,315.5799865722656,123.31999969482422,4540307054.0903,5363135151.2442255,46.644314552913066,0.4023245577839905,42.97999954223633,1131233,1131233,1136112,1,273311,1131835,1,274500,4562166425.271941
0.8273000121116638,73.25447683912722,81.75144073345359,78.87308651920296,-20.559999465942383,314.2699890136719,116.97000122070312,4583519594.695276,5481448272.984652,46.857397028025346,0.4768290759163204,43.56999969482422,1126956,1126956,1131835,1,273312,1127564,1,274500,4580539222.172552
0.8234000205993652,73.25598316422838,81.72797048310376,78.86449193975783,-17.09000015258789,313.1199951171875,109.9000015258789,4617791780.65862,5521680822.530174,47.03919057287592,0.4291461594430545,43.5099983215332,1122657,1122657,1127564,1,273313,1123265,1,274500,4615303114.289971
0.819599986076355,73.25706885515035,81.70420465197937,78.85632367873757,-12.979999542236328,310.45001220703125,104.01000213623047,4644613226.046788,5603784687.825957,47.19266804794746,0.5468633789150037,43.65999984741211,1118356,1118356,1123265,1,273314,1118966,1,274500,4636164577.559231
0.8158000111579895,73.25792149200007,81.68088219201684,78.8488147902144,-7.949999809265137,307.4800109863281,98.02999877929688,4646103603.039785,5716584902.399046,47.262703638783044,0.5632543453710513,43.34000015258789,1114046,1114046,1118966,1,273315,1114656,1,274500,4640634945.611682
0.8119000196456909,73.25820570428331,81.65724709854274,78.84149916604385,-4.090000152587891,304.3500061035156,90.62999725341797,4631202503.352704,5817761931.157801,47.27462350194207,0.5587840858292356,43.72999954223633,1109724,1109724,1114656,1,273316,1110334,1,274500,4648085304.723588
0.8080999851226807,73.25847286382955,81.63418042963511,78.83462691303515,0.11999999731779099,300.7300109863281,83.16000366210938,4666964684.845776,5938161275.517806,47.46088486388514,0.6824616365542161,43.290000915527344,1105396,1105396,1110334,1,273317,1106008,1,274500,4652555672.776039
0.8043000102043152,73.25826254673996,81.61087502240957,78.82845950648888,4.25,296.0899963378906,73.80000305175781,4659514325.73387,5959171509.462077,47.499628682336194,0.6809715204348313,43.43000030517578,1101065,1101065,1106008,1,273318,1101680,1,274500,4670436763.522574
0.8004000186920166,73.25763727971683,81.58780835350194,78.82293441970272,8.220000267028809,291.82000732421875,64.05000305175781,4684845775.592311,6121591321.710624,47.64714622582822,0.9149158432593449,42.869998931884766,1096736,1096736,1101680,1,273319,1097357,1,274500,4682357490.686932
0.7965999841690063,73.25663685247983,81.56511684480819,78.81848933959287,12.979999542236328,285.8900146484375,53.45000076293945,4702726866.338846,6119654251.229324,47.767842656151046,0.25927580836419284,42.900001525878906,1092404,1092404,1097357,1,273320,1093024,1,274500,4706198945.015646
0.7926999926567078,73.25552274032954,81.54279481208266,78.81473773745412,17.950000762939453,277.6400146484375,42.869998931884766,4731038688.720012,6230517013.857845,47.92877501941192,0.2518253609917768,43.58000183105469,1088063,1088063,1093024,1,273321,1088681,1,274500,4725078325.137834
0.7889000177383423,73.25407325768502,81.52087636079932,78.81202635227204,21.8700008392334,268.7300109863281,30.690000534057617,4741469420.354641,6241990666.07063,48.03010238263206,0.2115929140950116,44.380001068115234,1083707,1083707,1088681,1,273322,1084327,1,274500,4745939406.943824
0.785099983215332,73.25231682577461,81.50007202166627,78.8099686553414,27.170000076293945,256.9100036621094,15.84000015258789,4765310874.683355,6320220390.403814,48.170167880057576,0.30099837138034286,44.369998931884766,1079334,1079334,1084327,1,273323,1079958,1,274500,4746937696.319475
0.7811999917030334,73.24999196929772,81.48016579334825,78.80895685961306,32.72999954223633,242.64999389648438,0.5799999833106995,4734018679.779467,6312621260.616898,48.129934789242355,0.13559826874125466,45.2400016784668,1074953,1074953,1079958,1,273324,1075579,1,274500,4762330502.160631
0.777400016784668,73.24716121495666,81.46100420121232,78.80938886228358,38.29999923706055,224.27999877929688,-15.239999771118164,4787661952.019073,6461629968.708091,48.37431187886201,0.8135896346516126,45.66999816894531,1070571,1070571,1075579,1,273325,1071200,1,274500,4780703299.061242
0.7735000252723694,73.24398940587572,81.44385483204172,78.81157729686451,39.40999984741211,198.86000061035156,-32.06999969482422,4820444142.452689,6604976998.956936,48.54566914867207,0.1102667276913639,46.13999938964844,1066179,1066179,1071200,1,273326,1066813,1,274500,4814483778.870511
0.7696999907493591,73.24087443925144,81.42889389745206,78.81519816135298,34.65999984741211,165.58999633789062,-43.290000915527344,4835344860.676501,6788407426.613023,48.66040564741539,0.24288481970406062,46.72999954223633,1061781,1061781,1066813,1,273327,1062418,1,274500,4867635344.956042
0.7659000158309937,73.23844158210692,81.41717866713697,78.81913165935299,21.600000381469727,120.6500015258789,-44.38999938964844,4947101773.208165,7302339156.608553,49.09253337134229,0.2950379957191423,47.08000183105469,1057379,1057379,1062418,1,273328,1058015,1,274500,4998256760.542393
0.7620000243186951,73.23741841788726,81.40901609036237,78.82174072811313,-3.190000057220459,82.29000091552734,-22.329999923706055,5212337761.883474,7078826094.471763,50.019372363965175,0.16838026826560382,46.630001068115234,1052959,1052959,1058015,1,273329,1053600,1,274500,5204887402.771569
0.7581999897956848,73.23874284712714,81.4026213139895,78.82217273078365,-29.049999237060547,64.37999725341797,9.390000343322754,5455222673.223066,6725375961.853673,50.847862538096265,0.12665772745353848,46.310001373291016,1048534,1048534,1053600,1,273330,1049178,1,274500,5421442574.877068
0.7544000148773193,73.24227276368497,81.39733496552127,78.820115033853,-49.060001373291016,62.31999969482422,38.040000915527344,5596781403.665624,6538072156.161526,51.35002016861309,0.22798390275514385,46.619998931884766,1044114,1044114,1049178,1,273331,1044761,1,274500,5586842378.185069
0.7505000233650208,73.24698500334107,81.39190651091143,78.81579500714777,-63.7599983215332,68.75,60.529998779296875,5708538316.197288,6433020223.513634,51.7568188938578,0.2831172666008258,46.68000030517578,1039679,1039679,1044761,1,273332,1040326,1,274500,5698107584.562658
0.7466999888420105,73.25295914553473,81.38590394748942,78.8095650738992,-74.80999755859375,77.58999633789062,78.52999877929688,5789003033.825063,6413947060.050663,52.06377384400087,0.333780370904692,46.439998626708984,1035245,1035245,1040326,1,273333,1035898,1,274500,5791491700.193711
0.7427999973297119,73.25984276703477,81.37879864040846,78.8025620832402,-83.25,87.77999877929688,92.5199966430664,5876918492.028013,6442556805.24512,52.3915956599793,0.3546416413107246,46.25,1030799,1030799,1035898,1,273334,1031456,1,274500,5865996054.239308
0.7390000224113464,73.26739712952323,81.3706474321252,78.79430855853495,-91.01000213623047,97.66000366210938,103.69999694824219,5932051759.797347,6390999755.6250925,52.6225579298301,0.3665623704290411,46.119998931884766,1026335,1026335,1031456,1,273335,1026996,1,274500,5937520417.2254505
0.7351999878883362,73.27567907545681,81.36167769246619,78.7850091326274,-98.30000305175781,105.87999725341797,113.80999755859375,6003576122.783489,6404410478.319178,52.89673751947013,0.4559678055102877,45.5,1021862,1021862,1026996,1,273336,1022525,1,274500,5989673693.935329
0.7312999963760376,73.28450102472853,81.35200310634475,78.77441369870827,-104.69999694824219,115.83000183105469,124.62999725341797,6033377940.694382,6404410478.319178,53.05170710902867,0.4306362755624393,45.369998931884766,1017370,1017370,1022525,1,273337,1018035,1,274500,6036850019.3711815
0.7275000214576721,73.29381750337308,81.34166346348054,78.76292583821979,-109.79000091552734,124.0999984741211,134.3000030517578,6073610490.239904,6419609500.81955,53.23498992624341,0.45000742984908715,46.25,1012884,1012884,1018035,1,273338,1013555,1,274500,6073610490.239904
0.7236999869346619,73.30375356479509,81.33017560299206,78.75060239361856,-112.80000305175781,132.1199951171875,142.33999633789062,6113843039.785427,6471166550.439576,53.416777786848314,0.5647444614904361,46.5099983215332,1008384,1008384,1013555,1,273339,1009056,1,274500,6124765477.574132
0.7197999954223633,73.31386015358704,81.31826710832436,78.73768210322255,-115.08000183105469,140.32000732421875,149.0500030517578,6186857398.301296,6463567039.18939,53.69393592121668,0.5751750966934525,46.099998474121094,1003856,1003856,1009056,1,273340,1004537,1,274500,6156563874.236328
0.7160000205039978,73.32429074438188,81.30512513234743,78.72424454647104,-118.6500015258789,147.77000427246094,155.3300018310547,6168976307.554761,6392936826.106392,53.708834329104036,0.6273282727085341,45.880001068115234,999324,999324,1004537,1,273341,1000012,1,274500,6165995935.032037
0.7121000289916992,73.3350339686883,81.29156820643695,78.71023856515306,-120.76000213623047,153.80999755859375,161.5,6142154480.703322,6341231005.811355,53.69691446594502,0.6481895431145668,45.959999084472656,994790,994790,1000012,1,273342,995476,1,274500,6152093506.183877
0.708299994468689,73.34604435254096,81.2775735936103,78.69542542095067,-121.75,159.6199951171875,165.97000122070312,6145134853.226047,6402473407.837878,53.76695005678061,0.6347787200809502,46.59000015258789,990250,990250,995476,1,273343,990941,1,274500,6161034242.288779
0.7045000195503235,73.35717410555256,81.26277750214491,78.68012343162113,-123.55999755859375,165.94000244140625,169.82000732421875,6195798134.4061985,6406198778.125465,53.98152464637989,0.6601102500287986,46.7400016784668,985697,985697,990941,1,273344,986389,1,274500,6176426666.666666
0.7006000280380249,73.36858807084742,81.24747551281536,78.66434396565573,-125.33999633789062,170.64999389648438,172.6300048828125,6188347393.831023,6387125614.662494,54.024736281923445,0.6824616365542161,46.459999084472656,981141,981141,986389,1,273345,981836,1,274500,6199269831.619728
0.6967999935150146,73.38013845803822,81.23179836327193,78.64830870863543,-126.5199966430664,175.5,176.82000732421875,6213678843.689465,6442556805.24512,54.16033396225646,0.6884220122154167,45.75,976580,976580,981836,1,273346,977282,1,274500,6201758116.525107
0.6930000185966492,73.39214926912787,81.21497299610422,78.63188692290991,-126.19999694824219,180.17999267578125,181.5500030517578,6203248493.518105,6417672430.33825,54.197588508343344,0.7167337299938653,45.70000076293945,971985,971985,977282,1,273347,972693,1,274500,6218149211.741916
0.6891000270843506,73.40397818435625,81.19796004882957,78.61469207977399,-128.42999267578125,185.6699981689453,184.47999572753906,6237520298.018179,6429146082.551035,54.36149373208689,0.7837878451619484,45.869998931884766,-1,-1,972693,1,273348,968098,1,274500,7124616182.387125
0.6852999925613403,73.41586962628695,81.18021383386417,78.5969913387739,-127.58000183105469,190.25,187.0,6233050311.428997,6423483641.782148,54.407689596604456,0.6899120839266322,45.849998474121094,-1,-1,968098,1,273349,963489,1,274500,7124616182.387125
0.6814000010490417,73.42792591134192,81.16182529913866,78.57875059443568,-128.0800018310547,194.00999450683594,191.49000549316406,6234540306.958724,6488452177.022799,54.47772518744004,0.7614364142283617,45.56999969482422,-1,-1,963489,1,273350,958888,1,274500,7124616182.387125
0.6776000261306763,73.44020388197781,81.14341971167615,78.56072016718703,-129.4600067138672,197.52000427246094,193.25999450683594,6234540306.958724,6429146082.551035,54.54030873220913,0.7405751882304983,45.95000076293945,-1,-1,958888,1,273351,954273,1,274500,7124616182.387125
0.673799991607666,73.45265806422931,81.12445138389282,78.54208152565226,-129.6199951171875,201.25999450683594,195.17999267578125,6243481043.063626,6448219246.014007,54.63119982038875,0.7316346247386974,45.66999816894531,-1,-1,954273,1,273352,949669,1,274500,7124616182.387125
0.6699000000953674,73.46519182592013,81.10451673434648,78.52335193618686,-130.10000610351562,205.14999389648438,197.91000366210938,6237520298.018179,6444493875.726419,54.67739568490631,0.8374310484800763,45.56999969482422,-1,-1,949669,1,273353,945028,1,274500,7124616182.387125
0.666100025177002,73.47770853487394,81.08413302939262,78.50408234338329,-130.1999969482422,209.83999633789062,198.83999633789062,6261361752.346893,6488452177.022799,54.80703059153698,0.7331247408580822,45.959999084472656,-1,-1,945028,1,273354,940377,1,274500,7124616182.387125
0.6621999740600586,73.49055493007631,81.0633571114879,78.48444327461152,-130.9600067138672,213.52000427246094,201.67999267578125,6241990666.07063,6501713366.115333,54.81299336523932,0.8016688833292115,46.4900016784668,-1,-1,940377,1,273355,935712,1,274500,7124616182.387125
0.6583999991416931,73.50341269377002,81.04218329638664,78.46477578461143,-131.6300048828125,217.1300048828125,204.8699951171875,6241990666.07063,6497988758.754284,54.875576910008405,0.8761734458697107,46.380001068115234,-1,-1,935712,1,273356,931038,1,274500,7124616182.387125
0.6546000242233276,73.51646372181632,81.02089011212642,78.44459671250151,-132.66000366210938,220.9499969482422,205.85000610351562,6276262852.033974,6551482878.85561,55.03799854563345,0.8672329267860791,45.91999816894531,-1,-1,931038,1,273357,926339,1,274500,7124616182.387125
0.6506999731063843,73.52974211968922,80.99879544922747,78.42373553091181,-133.30999755859375,225.5500030517578,207.50999450683594,6282223215.616153,6652659907.614365,55.115480498289884,0.9044851636481593,45.59000015258789,-1,-1,926339,1,273358,921640,1,274500,7124616182.387125
0.6468999981880188,73.54313988672108,80.97611530902506,78.40278908563715,-133.24000549316406,228.4199981689453,210.25999450683594,6309044661.004321,6645060396.364178,55.255551679961066,0.8374310484800763,45.84000015258789,-1,-1,921640,1,273359,916920,1,274500,7124616182.387125
0.6431000232696533,73.55665133866623,80.95280990179951,78.38162663902722,-132.97999572753906,232.36000061035156,212.3800048828125,6276262852.033974,6629861373.863806,55.221275678602524,1.5020116468670293,45.93000030517578,-1,-1,916920,1,273360,912195,1,274500,7124616182.387125
0.63919997215271,73.57024237005068,80.92910091313178,78.3601231376774,-134.02000427246094,236.3300018310547,215.50999450683594,6331396119.803308,6734912543.585158,55.44479158663248,0.9164059149705605,46.04999923706055,-1,-1,912195,1,273361,907463,1,274500,7124616182.387125
0.6353999972343445,73.58383340143514,80.90469276224727,78.33822173913106,-133.6999969482422,239.11000061035156,216.47999572753906,6315005406.049768,6648934537.3267765,55.45522217742733,0.8970347162757433,46.02000045776367,-1,-1,907463,1,273362,902689,2,274500,7124616182.387125
0.6315000057220459,73.59762906566353,80.88004587304484,78.31557002015697,-133.4199981689453,242.9600067138672,218.8699951171875,6338846860.378483,6710028168.678289,55.58784131303201,0.9238563623429765,46.04999923706055,-1,-1,902689,1,273363,897928,1,274483,7124616182.387125
0.6276999711990356,73.61129399224163,80.85459750520367,78.29286145872622,-133.6999969482422,246.97000122070312,221.69000244140625,6373118664.878557,6782595452.242586,55.74876799204722,1.1205483150809021,46.220001220703125,-1,-1,897928,1,273364,893158,1,274483,7124616182.387125
0.6238999962806702,73.62490207636309,80.82879102988564,78.26997668567988,-133.13999938964844,250.99000549316406,222.88999938964844,6376099037.401281,6782595452.242586,55.814335765790304,1.0087915156783227,46.2400016784668,-1,-1,893158,1,273365,888375,2,274483,7087035946.952764
0.6200000047683716,73.6389194261724,80.80232518207048,78.24663717298034,-132.6300048828125,253.8800048828125,224.75999450683594,6389509760.095366,6792132033.974072,55.91267890003643,1.0683951834739898,46.040000915527344,-1,-1,888375,1,273366,883581,1,274376,7087035946.952764
0.6161999702453613,73.65295951296437,80.77539891035647,78.22278607817098,-133.57000732421875,258.3599853515625,226.7899932861328,6398450496.200268,6774995940.9924,55.99910785536922,1.153330336809336,45.810001373291016,-1,-1,883581,1,273367,878789,1,274376,7087035946.952764
0.6122999787330627,73.66706781070432,80.74816000513091,78.19874740325469,-133.08999633789062,263.3800048828125,227.32000732421875,6413351214.42408,6776933011.4737,56.10341376331768,1.1086276525748395,45.84000015258789,-1,-1,878789,1,273368,873989,1,274376,7025898065.862018
0.6085000038146973,73.68146600497317,80.7200741473013,78.1743676735985,-132.60000610351562,267.1499938964844,228.5800018310547,6437192668.752793,6843838617.195648,56.22858085285585,1.047533913067957,46.189998626708984,-1,-1,873989,1,273369,869171,1,274376,7025898065.862018
0.6047000288963318,73.69567661913509,80.69104470469134,78.15014141857526,-132.25,270.8299865722656,230.25,6480405590.82104,6851438128.445835,56.41484221479893,1.1458798894369198,46.59000015258789,-1,-1,869171,1,273370,864323,1,274376,7025898065.862018
0.6007999777793884,73.70935859845018,80.66122515193398,78.12537516021388,-131.63999938964844,274.6499938964844,232.1199951171875,6466994105.200417,6788407426.613023,56.43421412402445,1.1518402650981203,45.7400016784668,-1,-1,864323,1,273371,859462,1,274376,7025898065.862018
0.597000002861023,73.72360331808609,80.63142833615926,78.10007458275999,-130.6699981689453,278.30999755859375,233.75999450683594,6474444845.775592,6822828383.251378,56.51467462140923,1.22336459539985,45.33000183105469,-1,-1,859462,1,273372,854610,1,274376,7025898065.862018
0.5932000279426575,73.73795035414396,80.60114835950306,78.07453526698819,-130.0,282.29998779296875,236.02000427246094,6481895586.350767,6759648147.817017,56.59514080303967,1.285948406617948,45.77000045776367,-1,-1,854610,1,273373,849729,1,274376,7025898065.862018
0.5892999768257141,73.75218370528854,80.57014079940174,78.04817741984067,-129.39999389648438,287.2200012207031,237.02000427246094,6495306309.044851,6834302035.464163,56.69050539255746,1.2635970645006998,45.93000030517578,-1,-1,849729,1,273374,844853,1,274376,7025898065.862018
0.5855000019073486,73.76640000369612,80.53826354971373,78.02176841448217,-129.49000549316406,291.3399963378906,238.35000610351562,6510207027.268663,6803605686.186857,56.78587566632092,1.212934004605003,46.779998779296875,-1,-1,844853,1,273375,839962,1,274376,7025898065.862018
0.58160001039505,73.78073567126266,80.50581219121358,77.9957402535832,-129.16000366210938,294.20001220703125,238.94000244140625,6525107745.492475,7602294406.198778,56.887197345295384,1.2069736289438024,46.56999969482422,-1,-1,839962,1,273376,835041,1,274376,7025898065.862018
0.5777999758720398,73.79515660251418,80.47229787877411,77.96867755997324,-127.48999786376953,299.05999755859375,241.99000549316406,6519147763.373566,7432275464.163314,56.927430436110605,1.2665772967394693,46.400001525878906,-1,-1,835041,1,273377,830100,1,274376,7025898065.862018
0.5740000009536743,73.8098503775576,80.43843114310344,77.9412908643604,-127.12999725341797,303.760009765625,243.50999450683594,6511697022.79839,7604232239.606616,56.96170643746915,1.2725375835843313,46.18000030517578,-1,-1,830100,1,273378,825195,1,274376,7025898065.862018
0.5701000094413757,73.8243054142831,80.40320587271887,77.9133812181464,-126.16999816894531,308.20001220703125,244.3300018310547,6538518468.186559,7632841984.801072,57.094325573073824,1.2635970645006998,46.119998931884766,-1,-1,825195,1,273379,820258,1,274376,7025898065.862018
0.5662999749183655,73.83890824139588,80.36818523517825,77.88529536031677,-125.44000244140625,311.8800048828125,245.42999267578125,6535538477.127105,6922068341.528833,57.14498357043822,1.230815042772266,46.7599983215332,-1,-1,820258,1,273380,815290,1,274376,7025898065.862018
0.5625,73.85303359187283,80.33166395678212,77.85765287364902,-124.3499984741211,316.9599914550781,246.7899932861328,6519147763.373566,6933541993.741618,57.149457071776396,1.293398853990364,45.869998931884766,-1,-1,815290,1,273381,810306,1,274376,7025898065.862018
0.5586000084877014,73.86732378547406,80.29487551883975,77.82916343437721,-122.3499984741211,322.70001220703125,247.61000061035156,6501266291.163761,6924005412.010132,57.1539248888689,1.271047511873116,45.4900016784668,-1,-1,810306,1,273382,805284,1,274376,7025898065.862018
0.5547999739646912,73.88130134556371,80.25742770840027,77.80011693903025,-121.22000122070312,326.760009765625,249.47000122070312,6499776295.634033,7311875738.340038,57.20161002575063,1.4453882113101317,45.40999984741211,-1,-1,805284,1,273383,800254,1,274376,7025898065.862018
0.5508999824523926,73.89512543102043,80.21838830917464,77.77098517999832,-118.94999694824219,330.8299865722656,250.86000061035156,6511697022.79839,6946952716.435702,57.289522569201914,1.5273431324067084,45.47999954223633,-1,-1,800254,1,273384,795193,1,274376,7025898065.862018
0.5471000075340271,73.90946109858697,80.17967291195193,77.74115425874962,-118.38999938964844,336.1700134277344,250.16000366210938,6525107745.492475,6901058107.584562,57.38190861399137,1.588436871913591,46.290000915527344,-1,-1,795193,1,273385,790122,1,274376,7025898065.862018
0.5432999730110168,73.92324539432403,80.13953076906733,77.71141428543156,-116.1500015258789,341.4700012207031,249.7100067138672,6507227036.2092085,6922068341.528833,57.38489284296537,1.4319773882765152,46.47999954223633,-1,-1,790122,1,273386,785057,1,274376,7025898065.862018
0.5393999814987183,73.93679095174318,80.09846777838506,77.68156631144588,-113.2699966430664,347.4599914550781,249.77999877929688,6525107745.492475,6887796155.565489,57.487709478549675,1.5496944745239567,46.849998474121094,-1,-1,785057,1,273387,779942,1,274376,7025898065.862018
0.5356000065803528,73.94998977017676,80.05668288850336,77.65170696896885,-110.94999694824219,355.010009765625,250.3699951171875,6526598503.948741,6847563987.483236,57.54581952198058,1.6733721140652758,46.11000061035156,-1,-1,779942,1,273388,774819,1,274376,7025898065.862018
0.5317000150680542,73.96309195643404,80.01342577899449,77.62139857108431,-107.4800033569336,361.6499938964844,249.22999572753906,6541499222.172552,7323349390.552823,57.641184111498376,1.7568171956894063,46.2599983215332,-1,-1,774819,1,273389,769671,1,274376,7025898065.862018
0.527899980545044,73.97618845844566,79.96955477095382,77.59109017319977,-106.1500015258789,368.6000061035156,250.32000732421875,6568320667.56072,7336760876.173447,57.772313974738886,1.6316495732532104,46.349998474121094,-1,-1,769671,1,273390,764504,2,274376,7025898065.862018
0.5241000056266785,73.98891548448908,79.92358627626285,77.56104893486149,-100.69999694824219,376.760009765625,248.0800018310547,6608552835.642974,7392192066.756072,57.9406926998206,1.828341525991136,46.9900016784668,-1,-1,764504,1,273391,759298,1,274241,6966666738.19103
0.5202000141143799,74.0010115592637,79.87654345914123,77.53016074391914,-96.4000015258789,382.239990234375,248.33999633789062,6639845030.546863,7351959135.74728,58.08076388149179,1.8983758733979885,46.81999969482422,-1,-1,759298,1,273392,754104,1,274241,6966666738.19103
0.5163999795913696,74.01234026087359,79.82844337232598,77.49913613108085,-89.58999633789062,388.6700134277344,247.11000061035156,6708389402.473551,7628967080.911935,58.33109806056812,1.943078557632485,46.29999923706055,-1,-1,754104,1,273393,748887,1,274241,6966666738.19103
0.5126000046730042,74.02324264405861,79.7803148642824,77.46879931196798,-84.73999786376953,394.0899963378906,245.66000366210938,6751601561.615258,7625242473.550886,58.50841810408052,2.1949039630324307,45.959999084472656,-1,-1,748887,1,273394,743641,1,274241,6966666738.19103
0.5087000131607056,74.0331673369893,79.73060613594402,77.43865575720773,-79.26000213623047,399.6499938964844,241.86000061035156,6811205197.437043,7611830987.9302635,58.72894978313648,2.305170690723795,45.56999969482422,-1,-1,743641,1,273395,738397,1,274241,6966666738.19103
0.5048999786376953,74.04313750388529,79.67928876608251,77.40800062033765,-75.83000183105469,405.20001220703125,239.2899932861328,6873789587.244822,7655789289.226643,58.95991773723294,2.3603039657531384,45.599998474121094,-1,-1,738397,1,273396,733138,1,274241,6966666738.19103
0.5009999871253967,74.05267566811077,79.62804529141462,77.37764674848779,-71.55000305175781,412.1400146484375,237.25,6927432478.021159,7648189777.976457,59.161077507063375,2.3617941262806923,45.9900016784668,-1,-1,733138,1,273397,727864,1,274241,6966666738.19103
0.49720001220703125,74.06131572152121,79.57510222729299,77.34775898478244,-63.939998626708984,419.6300048828125,233.99000549316406,6978095377.738042,7755178018.179109,59.351812370344625,2.46461040659964,46.0099983215332,-1,-1,727864,1,273398,722576,1,274241,6966666738.19103
0.4934000074863434,74.06914292780161,79.52074378600082,77.31832596073028,-58.04999923706055,427.5400085449219,229.6999969482422,6994486854.418119,7628967080.911935,59.448666232226586,2.5465653276962166,45.560001373291016,716325,716325,722576,1,273399,717269,1,274241,7012859651.31873
0.4894999861717224,74.0761288657236,79.46524849557571,77.28861440864054,-50.79999923706055,432.6700134277344,223.55999755859375,7066011217.404262,7724631202.503352,59.69751113893875,2.716435634366909,45.56999969482422,711014,711014,717269,1,273400,711966,1,274241,7072463287.140515
0.48570001125335693,74.08234174623519,79.4083150909974,77.26009654814041,-43.900001525878906,440.5,215.66000366210938,7156906285.203397,8091342524.213977,60.00298250096332,2.707495204099616,46.220001220703125,705647,705647,711966,1,273401,706605,1,274241,7136045584.860676
0.48190000653266907,74.08728703996354,79.35060294476303,77.23231763957669,-34.279998779296875,445.6600036621094,207.5,7185218489.047832,8198330764.416629,60.129638862865654,2.3662644302306775,46.36000061035156,700307,700307,706605,1,273402,701272,1,274241,7194650549.84354
0.4779999852180481,74.09155022421211,79.29132763097084,77.20584042327022,-24.729999542236328,450.70001220703125,196.77000427246094,7241842133.810163,8167783948.740872,60.33079863269609,2.470570693444502,46.349998474121094,694915,694915,701272,1,273403,695890,1,274241,7244822124.8696165
0.4742000102996826,74.09423318816589,79.23124515429426,77.18037500269206,-16.010000228881836,456.42999267578125,185.75999450683594,7307405751.750856,8309193908.508419,60.56325585915672,2.407986971042743,46.709999084472656,689477,689477,695890,1,273404,690459,1,274241,7329265122.932499
0.47029998898506165,74.09622835839421,79.17040667294425,77.15634201202143,-6.659999847412109,459.30999755859375,171.14999389648438,7438533750.558784,8443004357.025778,60.967070355427424,2.4944121960893044,47.380001068115234,684054,684054,690459,1,273405,685042,1,274241,7433065093.130681
0.46650001406669617,74.09594414611098,79.1081073404584,77.13437808677276,5.590000152587891,463.45001220703125,156.02000427246094,7553271035.613173,8592013065.116972,61.326178259544726,2.2857994920289775,47.06999969482422,678606,678606,685042,1,273406,679606,1,274241,7553271035.613173
0.4627000093460083,74.09506877227861,79.04591032439453,77.11442638448943,16.690000534057617,462.94000244140625,137.6199951171875,7668007557.741022,8798390797.19863,61.680824030815195,2.4824914447669033,47.290000915527344,673123,673123,679606,1,273407,674130,1,274241,7658575496.945313
0.45879998803138733,74.0919708583913,78.98342909604742,77.09739070023213,27.40999984741211,456.9800109863281,117.52999877929688,7754432638.950975,8888094173.744598,61.960960709911895,2.6180896579979462,47.65999984741211,667635,667635,674130,1,273408,668641,1,274241,7774296194.307853
0.45500001311302185,74.08732114543753,78.92106723685926,77.08261166150373,37.2400016784668,451.29998779296875,95.94999694824219,7900462118.909253,8924452200.864252,62.391593477228966,2.8520340252306293,48.15999984741211,662125,662125,668641,1,273409,663134,1,274241,7918834915.809864
0.4510999917984009,74.08162553128143,78.86001843841966,77.07057242918576,44.40999984741211,438.8599853515625,75.9800033569336,8101624485.173595,9061988019.669199,62.960808153853044,3.0114735634737975,47.84000015258789,656568,656568,663134,1,273410,657584,1,274241,8109074462.822232
0.447299987077713,74.07505454329296,78.80090796775175,77.0616595319834,49.849998474121094,421.1099853515625,57.29999923706055,8325137547.310386,9180449912.084637,63.5806865120872,3.2320070188565255,47.810001373291016,651022,651022,657584,1,273411,652034,1,274241,8334078283.415288
0.44350001215934753,74.06799471017732,78.74340613860697,77.05470201528972,51.790000915527344,403.1600036621094,39.40999984741211,8575472817.761883,9193860634.77872,64.25719132563376,3.564297362458171,47.52000045776367,645462,645462,652034,1,273412,646478,1,274241,8555103442.109968
0.43959999084472656,74.06104856197497,78.68810979678013,77.04979651128103,50.029998779296875,384.2799987792969,28.809999465942383,8764714456.861868,9260766240.50067,64.7712688193096,4.017285202178705,48.04999923706055,639887,639887,646478,1,273413,640919,1,274241,8752793729.697512
0.4357999861240387,74.05416494047493,78.63552484013536,77.0466076494631,47.400001525878906,365.3800048828125,19.520000457763672,8918193914.468782,9531962211.29489,65.19445522480582,4.230368032556339,48.34000015258789,634263,634263,640919,1,273414,635306,1,274241,8909745265.981224
0.4320000112056732,74.04775879561075,78.58452010378541,77.04462953197176,43.209999084472656,349.0299987792969,12.8100004196167,9046341922.217255,9577857583.072567,65.55059026844046,4.208016512806414,48.0099983215332,628605,628605,635306,1,273415,629659,1,274241,9061242640.441067
0.42809998989105225,74.04182444313673,78.53568674927939,77.0423330967232,39.880001068115234,333.3699951171875,12.239999771118164,9219192084.637163,9799433574.728058,66.00655771868539,4.532856586668321,48.040000915527344,622939,622939,629659,1,273416,624002,1,274241,9182431995.231709
0.4242999851703644,74.03654946315983,78.48816645552195,77.04086087709602,36.349998474121094,320.1199951171875,11.130000114440918,9281776474.44494,9776486270.302488,66.20176039905914,4.587989861697665,48.119998931884766,617253,617253,624002,1,273417,618327,1,274241,9287245131.873043
0.4203999936580658,74.03139385234188,78.4426470162385,77.03932613076653,33.79999923706055,308.0400085449219,11.369999885559082,9360750815.07972,9787959922.515272,66.43123339654578,4.7384891473062165,48.54999923706055,611552,611552,618327,1,273418,612628,1,274241,9344851426.016987
0.41659998893737793,74.02623824152394,78.39861684931921,77.03743327696016,30.389999389648438,294.7099914550781,10.289999961853027,9392043009.983608,10105200035.76218,66.55043771238161,4.865146930269967,48.459999084472656,-1,-1,612628,1,273419,606915,1,274241,10874265844.136492
0.41280001401901245,74.02163400253548,78.35607027051843,77.03576210873473,27.110000610351562,283.29998779296875,13.760000228881836,9490388818.35792,10076590290.567724,66.8216387572933,5.139323322521807,48.5099983215332,-1,-1,606915,1,273420,601189,2,274241,10874265844.136492
0.4088999927043915,74.01860998384183,78.31567802082459,77.03407957201796,21.510000228881836,275.20001220703125,15.65999984741211,9618536826.106392,10344061654.000895,67.16286970879491,5.336015630525087,48.790000915527344,-1,-1,601189,1,273421,595434,1,274202,10838920983.459991
0.4050999879837036,74.0158247034661,78.27576893201227,77.03115786974627,18.8700008392334,265.7699890136719,18.290000915527344,9669199725.823275,10521680870.213083,67.32528566017429,5.486514560868285,48.939998626708984,-1,-1,595434,1,273422,589665,1,274202,10838920983.459991
0.40130001306533813,74.01339753056723,78.23649079446874,77.02831006266821,14.1899995803833,257.8999938964844,19.360000610351562,9700491920.727163,10433765793.473402,67.43704361418928,5.662345332016516,49.16999816894531,-1,-1,589665,1,273423,583870,1,274202,10838920983.459991
0.39739999175071716,74.01122046447763,78.1983892957778,77.02510983235895,10.819999694824219,250.49000549316406,21.729999542236328,9795857738.04202,10496796495.306213,67.69780838406045,5.9201312018940015,49.08000183105469,-1,-1,583870,1,273424,578065,1,274202,10838920983.459991
0.3935999870300293,74.01010066808166,78.16112338119959,77.02200623422598,7.829999923706055,243.3800048828125,24.06999969482422,9843540646.699448,10535091592.907167,67.84831015652648,5.918640863733771,49.18000030517578,-1,-1,578065,1,273425,572220,1,274202,10838920983.459991
0.3896999955177307,74.0090149771597,78.12434631174855,77.01811821019129,4.090000152587891,237.17999267578125,24.40999984741211,9794367742.512293,10355536069.140217,67.77380674859837,6.039338359852659,48.97999954223633,-1,-1,572220,1,273426,566315,1,274202,10838920983.459991
0.38589999079704285,74.00906045112501,78.08868903869346,77.01420176492826,1.5199999809265137,231.82000732421875,29.40999984741211,9815228442.855013,10258083647.742512,67.86023001968549,6.358218146869703,48.7400016784668,-1,-1,566315,1,273427,560398,1,274202,10838920983.459991
0.382099986076355,74.00935603189959,78.05355471623955,77.00933036639356,-2.9200000762939453,225.5399932861328,33.0,9883772814.781702,10282819251.97437,68.05692197242342,6.608553036476741,49.04999923706055,-1,-1,560398,1,273428,554450,1,274202,10838920983.459991
0.3781999945640564,74.01028256394294,78.01869892182319,77.0037427529051,-6.079999923706055,223.07000732421875,35.630001068115234,9850990624.348085,10256146577.261213,68.02115669870071,6.8216362221197295,48.83000183105469,-1,-1,554450,1,273429,548469,1,274202,10838920983.459991
0.37439998984336853,74.01105562135335,77.98390565410915,76.9976606100438,-10.5,218.22000122070312,39.060001373291016,9837579901.654001,10244672925.048428,68.02711947240304,6.584711889097293,49.34000015258789,-1,-1,548469,1,273430,542466,1,274202,10838920983.459991
0.37049999833106995,74.01272678957879,77.94949891510032,76.99153867746284,-15.489999771118164,215.47000122070312,38.900001525878906,9770526288.183578,10221725620.622858,67.9094044289314,6.762032643140401,49.5,-1,-1,542466,1,273431,536408,1,274202,10838920983.459991
0.3666999936103821,74.01546659598921,77.9153650198834,76.98512684835298,-19.209999084472656,212.8699951171875,43.18000030517578,9673670475.338995,10097601287.438534,67.71866956565015,6.668156615456069,49.459999084472656,-1,-1,536408,1,273432,530328,1,274202,10838920983.459991
0.3628999888896942,74.01870093177246,77.88089575417226,76.97855586036451,-24.940000534057617,210.30999755859375,44.619998931884766,9655789003.12919,10000148866.040829,67.71271247619346,6.855907960294025,49.38999938964844,-1,-1,530328,1,273433,524225,1,274202,10838920983.459991
0.35899999737739563,74.02277085166843,77.84713133492353,76.97122886770262,-29.15999984741211,208.74000549316406,44.81999969482422,9597675362.837133,10000148866.040829,67.608406568245,6.990016368262868,49.18000030517578,-1,-1,524225,1,273434,518072,1,274202,10838920983.459991
0.35519999265670776,74.02786393578407,77.8137250231517,76.96344713538755,-33.54999923706055,206.3699951171875,49.84000015258789,9663239743.704365,10001937165.847116,67.79913574728059,7.070481128831891,49.08000183105469,-1,-1,518072,1,273435,511866,1,274202,10838920983.459991
0.3513999879360199,74.03373576155577,77.78083597773536,76.95504582029504,-35.560001373291016,203.52000427246094,53.79999923706055,9597675362.837133,9980926931.902845,67.67694720247076,7.271643740785155,49.36000061035156,-1,-1,511866,1,273436,505640,1,274202,10838920983.459991
0.3474999964237213,74.04024990708758,77.74789008986237,76.94587713203777,-41.720001220703125,203.11000061035156,58.130001068115234,9558933190.284607,10005811306.809715,67.61883715903984,6.992996334052622,49.720001220703125,-1,-1,505640,1,273437,499388,1,274202,10838920983.459991
0.34369999170303345,74.04704258065699,77.71391535352406,76.93601496580939,-41.91999816894531,199.3699951171875,60.40999984741211,9582774644.613321,10275219740.724184,67.70972824721946,6.903590965583629,49.779998779296875,-1,-1,499388,1,273438,493073,2,274202,10838920983.459991
0.33980000019073486,74.05452304795182,77.67967345763951,76.92643701186427,-46.220001220703125,201.38999938964844,59.650001525878906,9730293357.174788,10722247390.850842,68.08672447244379,7.967516200372988,49.70000076293945,-1,-1,493073,1,273439,486776,1,274100,10838920983.459991
0.335999995470047,74.06277657265706,77.64578966923183,76.91695569009543,-51.47999954223633,198.2100067138672,61.040000915527344,9755624807.033228,10972582661.30234,68.17463701589507,8.219341072874903,49.68000030517578,-1,-1,486776,1,273440,480419,1,274100,10838920983.459991
0.33219999074935913,74.07195662940566,77.61245725265364,76.90601920143642,-50.86000061035156,196.1999969482422,64.58000183105469,9663239743.704365,11008940688.421993,67.991359882926,8.30129652686951,49.970001220703125,-1,-1,480419,1,273441,474067,1,274100,10838920983.459991
0.32829999923706055,74.08075015744906,77.57934652165638,76.89474165803752,-53.7400016784668,194.80999755859375,65.36000061035156,9600655353.896587,11077633831.023691,67.87363915520868,8.045000995152257,49.97999954223633,-1,-1,474067,1,273442,467655,1,274100,10838920983.459991
0.3244999945163727,74.0895834752121,77.54641768652037,76.8839529597658,-55.27000045776367,191.92999267578125,63.77000045776367,10858292451.199522,11100581135.449263,70.74504722125695,10.998360962541602,49.779998779296875,-1,-1,467655,1,273443,461225,1,274100,10838920983.459991
0.3206999897956848,74.10020733035955,77.51367643149132,76.87347689500564,-58.63999938964844,188.16000366210938,63.369998931884766,10821040274.176723,11146475744.300402,70.69587281201106,11.323200681138156,49.650001525878906,-1,-1,461225,1,273444,454791,1,274100,10838920983.459991
0.31679999828338623,74.11049013076712,77.48146381130908,76.8621084036761,-58.61000061035156,185.72000122070312,65.27999877929688,10837430987.930264,11303084726.56832,70.75845635678014,12.518253647575895,49.08000183105469,-1,-1,454791,1,273445,448278,2,274100,10563030725.674265
0.31299999356269836,74.12084682636832,77.44884760968466,76.8507512808379,-62.08000183105469,182.0,66.16000366210938,9426315195.946953,11291611074.355536,67.57413056688645,9.137237326005694,48.849998474121094,-1,-1,448278,1,273446,441771,3,274050,10563030725.674265
0.3091000020503998,74.1326757415967,77.41653835732612,76.8392463676124,-63.90999984741211,181.39999389648438,65.31999969482422,10721203707.346148,11156012326.031887,70.56027513167805,13.634331125808782,48.970001220703125,-1,-1,441771,1,273447,435238,1,273976,10520994999.254953
0.3052999973297119,74.14458423626438,77.38532048013522,76.82722418803142,-67.41000366210938,178.3800048828125,68.05999755859375,10329309706.452093,10779615651.914766,69.71688086541394,12.562955976545037,49.09000015258789,-1,-1,435238,1,273448,428647,2,273976,10520994999.254953
0.30149999260902405,74.15602662278756,77.35310785995298,76.81631612060073,-71.22000122070312,175.2100067138672,67.79000091552734,10447026982.565935,10894203403.367605,70.00894309191533,13.355685140137664,49.04999923706055,-1,-1,428647,1,273449,422037,1,273942,10478319177.469826
0.29760000109672546,74.16971997059399,77.3217421923748,76.80389035957755,-73.38999938964844,175.0399932861328,67.87999725341797,10534942822.232155,10919087778.274475,70.23096404333545,14.087320031325376,49.43000030517578,-1,-1,422037,1,273450,415393,1,273942,10478319177.469826
0.2937999963760376,74.1838339525796,77.28989904816078,76.79107238560351,-77.93000030517578,172.19000244140625,70.0,10452987727.611383,10831172701.534794,70.07301590904858,13.574727546829452,49.77000045776367,-1,-1,415393,1,273451,408678,2,273942,10461436376.098942
0.289900004863739,74.1980786722155,77.25839695868665,76.77837946503408,-81.81999969482422,170.00999450683594,71.36000061035156,10396364082.849052,10802562956.340336,69.97019927346427,13.762479602198116,49.959999084472656,-1,-1,408678,1,273452,401934,1,273893,10327819710.922365
0.28610000014305115,74.21373876902194,77.22686644798418,76.76532275274211,-85.33999633789062,168.36000061035156,70.05000305175781,10134108085.233198,10783489792.877365,69.40098459684019,12.93845866622095,50.58000183105469,-1,-1,401934,1,273453,395150,1,273893,10084443093.4287
0.2822999954223633,74.23030834513473,77.1958873091112,76.75210688157154,-88.72000122070312,164.6199951171875,71.81999969482422,9722843379.52615,10875130239.904634,68.4741456042173,11.654001041844925,50.779998779296875,-1,-1,395150,1,273454,388291,1,273893,9772016283.713306
0.2784000039100647,74.24728150268973,77.16531175168042,76.73910132749054,-92.43000030517578,160.75999450683594,70.7699966430664,9459097386.38057,10829235631.053493,67.87214988284451,11.671882257644864,50.33000183105469,-1,-1,388291,1,273455,381376,1,273893,9487900151.989271
0.27459999918937683,74.26596561818981,77.13599809678722,76.72539092694713,-94.87999725341797,158.4499969482422,71.7699966430664,9281776474.44494,10829235631.053493,67.46535684184548,12.305171172463615,49.849998474121094,-1,-1,381376,1,273456,374439,2,273893,9384026177.916853
0.27079999446868896,74.2837004646639,77.10649686178708,76.71206705510892,-97.22000122070312,159.1699981689453,71.55999755859375,9058262649.381613,10495008195.499926,66.94084307312912,12.723885497683083,49.47999954223633,-1,-1,374439,1,273457,367483,1,273871,9350916691.99821
0.2669000029563904,74.30235615893565,77.07606909474359,76.69974929475336,-101.38999938964844,157.63999938964844,71.16000366210938,8939055377.73804,10464312609.149158,66.66815844009892,12.546565454170683,49.36000061035156,-1,-1,367483,1,273458,360474,2,273871,9307599248.994188
0.2630999982357025,74.32341060487795,77.04555037976945,76.6841744616319,-105.37999725341797,159.97000122070312,74.19999694824219,8989718277.454924,10594248153.77738,66.81120816649845,13.156013221609985,49.63999938964844,-1,-1,360474,1,273459,353437,1,273800,9307599248.994188
0.25920000672340393,74.3430041996844,77.01259312340514,76.67153838351912,-107.1500015258789,163.86000061035156,73.20999908447266,9029951208.463717,10590522783.489792,66.92892320997011,13.477872263886075,49.66999816894531,-1,-1,353437,1,273460,346350,1,273800,9307599248.994188
0.25540000200271606,74.36487717700243,76.98211988239632,76.65556565320114,-111.05000305175781,165.97999572753906,75.66000366210938,9208761353.002533,10623006669.646849,67.38935847730754,14.79809231986198,50.220001220703125,-1,-1,346350,1,273461,339240,1,273800,9307599248.994188
0.2515999972820282,74.3866933118638,76.94814514605801,76.64161651433979,-115.01000213623047,167.52999877929688,73.33999633789062,9302637174.787663,10825510260.765905,67.63522483929137,15.012665488399845,50.31999969482422,-1,-1,339240,1,273462,332064,1,273800,9307599248.994188
0.24770000576972961,74.40941892603153,76.91524473215034,76.62780379737441,-116.80000305175781,166.88999938964844,72.6500015258789,9411414477.72314,10514081358.962896,67.91536151838807,15.41350001888079,50.95000076293945,-1,-1,332064,1,273463,324864,2,273800,9306615836.686037
0.24390000104904175,74.43313928319061,76.88107673145943,76.6125927559755,-119.75,172.8699951171875,69.72000122070312,9205781361.943079,10267620229.473997,67.43257579709676,15.54015780184454,50.83000183105469,-1,-1,324864,1,273464,317599,3,273781,9220682843.093428
0.24009999632835388,74.45753038133812,76.84592535626851,76.59773413780779,-120.04000091552734,175.47000122070312,71.81999969482422,9044851926.687527,10076590290.567724,67.05557957187244,14.890478364651434,51.7599983215332,-1,-1,317599,1,273465,310281,1,273696,9025480458.947996
0.2362000048160553,74.48107452688159,76.80935860390706,76.58315973192333,-119.43000030517578,179.58999633789062,74.8499984741211,8825808088.21338,9650424866.636864,66.52510871369941,12.93696939385678,52.56999969482422,-1,-1,310281,1,273466,302948,1,273696,8854120292.057816
0.23240000009536743,74.50642057830078,76.77217795301382,76.56552151762556,-118.30000305175781,182.91000366210938,71.5199966430664,8691700098.345999,9337058894.352554,66.20176039905914,13.029355438646235,52.68000030517578,-1,-1,302948,1,273467,295563,2,273696,8686231440.917896
0.22849999368190765,74.52881650621997,76.73222907448184,76.55095848023242,-118.5,185.86000061035156,76.18000030517578,8541200631.798539,9004618995.678736,65.83221621990133,16.474444577349686,50.869998931884766,-1,-1,295563,1,273468,288127,2,273677,8573491497.541349
0.22470000386238098,74.55432740076344,76.69350230876779,76.5337977425705,-116.69999694824219,188.27999877929688,75.94000244140625,8487557741.022202,8805990308.448814,65.70853840272733,19.870362148930074,50.43000030517578,-1,-1,288127,1,273469,280680,1,273659,8499135914.170764
0.22089999914169312,74.57991219050055,76.65383764251904,76.51652331999527,-113.23999786376953,186.3000030517578,76.18000030517578,8421993360.154969,8630159392.042913,65.55505808553296,21.409626032659183,50.029998779296875,-1,-1,280680,1,273470,273207,2,273659,8499135914.170764
0.21699999272823334,74.60384286474923,76.6127860203281,76.500385746553,-111.73999786376953,187.1199951171875,74.12000274658203,8027119368.20146,8099090806.139174,64.52540814157143,18.67679987591792,50.189998626708984,-1,-1,273207,1,273471,265705,2,273637,8088347274.623752
0.21320000290870667,74.62963797157593,76.57425251896665,76.48173005228124,-108.0199966430664,194.10000610351562,70.38999938964844,7706749730.293548,7766651670.391893,63.67158328451248,20.172850703042055,50.22999954223633,-1,-1,265705,1,273472,258114,1,273610,7780762759.648338
0.2092999964952469,74.65197705703847,76.52878992213984,76.47067419446326,-106.31999969482422,192.19000244140625,62.2599983215332,7608403921.919237,7655789289.226643,63.40932924227714,21.496050724807713,50.7599983215332,-1,-1,258114,1,273473,250512,1,273610,7568663078.52779
0.20550000667572021,74.6738329816195,76.48557828659628,76.4596638106106,-106.70999908447266,189.75,59.08000183105469,7390850841.901356,7418864741.46923,62.80882279326851,26.574280485455315,50.84000015258789,-1,-1,250512,1,273474,242855,1,273610,7423140944.717628
0.20170000195503235,74.70531801835664,76.44846016240535,76.43232258896307,-108.73999786376953,187.6199951171875,67.1500015258789,7270153574.728058,7292802574.877068,62.478022432561744,15.820294480941241,53.599998474121094,-1,-1,242855,1,273475,235202,1,273610,7170809095.514826
0.19779999554157257,74.73535925669493,76.41391700150056,76.40595905756989,-109.05000305175781,186.5500030517578,75.55000305175781,6851438128.445835,6860974710.1773205,61.26657894374965,18.886902385240447,52.20000076293945,-1,-1,235202,1,273476,227552,1,273610,6900118945.015646
0.1940000057220459,74.76094404643204,76.37080768237897,76.38912232191085,-96.94000244140625,196.36000061035156,64.26000213623047,6578751399.195351,6582029694.531366,60.450008632777575,14.09625992869464,52.959999084472656,-1,-1,227552,1,273477,219824,1,273610,6632394289.971688
0.19020000100135803,74.78201554511134,76.32442423775447,76.37764582991369,-90.91999816894531,195.9199981689453,55.77000045776367,6466994105.200417,6471166550.439576,60.11920827207081,8.58739384807643,56.52000045776367,-1,-1,219824,1,273478,212102,2,273610,6424273270.749516
0.18629999458789825,74.80016534151893,76.27855805948548,76.37146705487609,-98.95999908447266,181.30999755859375,50.63999938964844,6227089947.846818,6236179454.626732,59.37267355193432,9.921025171167644,54.75,-1,-1,212102,1,273479,204271,1,273575,6160035952.913128
0.18250000476837158,74.82340822204216,76.23476663088411,76.36264510560437,-100.87000274658203,174.83999633789062,37.2400016784668,5786023042.765609,5792877556.250931,57.94367692879461,22.209804400195488,50.130001068115234,-1,-1,204271,1,273480,196439,1,273575,5872567521.978841
0.1785999983549118,74.84683299842666,76.19314658412668,76.35377768236734,-100.95999908447266,172.97000122070312,44.06999969482422,4973923218.596334,4978989813.738638,55.10356063513087,48.573982376328274,46.709999084472656,-1,-1,196439,1,273481,188592,1,273575,5824169369.691551
0.17479999363422394,74.87057040832273,76.15224275232302,76.34306287928925,-95.13999938964844,169.66000366210938,44.650001525878906,3275219979.138727,3278647045.149754,47.94516269966345,16.04082900212003,41.0099983215332,-1,-1,188592,1,273482,180761,1,273575,3631843123.230517
0.17100000381469727,74.89500698043557,76.11100923427081,76.33243902414179,-98.94000244140625,166.35000610351562,43.15999984741211,2646401430.4872594,2657577159.886753,44.66398589001063,12.3945758304019,39.79999923706055,-1,-1,180761,1,273483,172905,2,273575,2739785355.3866787
0.1670999974012375,74.91795428018423,76.06869570954228,76.32184359022267,-100.7300033569336,168.8300018310547,49.939998626708984,2297720160.9298167,2300402419.907614,42.61957872572927,10.475339308312247,38.27000045776367,-1,-1,172905,1,273484,165111,1,273565,2349381540.753986
0.16329999268054962,74.9416916900803,76.0267459765363,76.30903130049428,-98.83999633789062,170.75999450683594,53.630001068115234,2104008344.5090148,2103561269.557443,41.384295510599145,13.151542562394646,36.66999816894531,-1,-1,165111,1,273485,157349,1,273565,2097556274.772761
0.15940000116825104,74.96559394310064,75.98434150387715,76.2944284733815,-95.5,165.63999938964844,56.86000061035156,1890925251.0803158,1891521478.1701684,39.949336113757084,13.11727082422035,35.75,-1,-1,157349,1,273486,149540,2,273565,1907316346.2971241
0.15559999644756317,74.98882545513254,75.94261914069776,76.28021217497393,-98.1500015258789,164.16000366210938,57.25,1727015443.3020413,1727164404.708687,38.76024307889885,12.469080659391414,35.47999954223633,-1,-1,149540,1,273487,141853,1,273555,1786127182.2381165
0.1518000066280365,75.0152287762454,75.89991340301836,76.2667120915201,-98.87000274658203,163.14999389648438,59.04999923706055,1740426165.9961257,1740575127.4027715,38.86455182897016,12.156161514484586,35.97999954223633,-1,-1,141853,1,273488,134166,1,273555,1724526967.6650274
0.14790000021457672,75.04158662339292,75.85838430419157,76.25143852341887,-100.81999969482422,166.72000122070312,58.5099983215332,1706153980.0327818,1706153980.0327818,38.611236263042656,11.482640219381324,36.58000183105469,-1,-1,134166,1,273489,126503,1,273555,1685784604.3808672
0.14409999549388885,75.06723393983233,75.81448487492258,76.23576137387545,-95.80999755859375,156.1999969482422,52.5,1610788162.7179258,1658471071.3753538,37.879599950793526,9.047831957536701,37.2400016784668,-1,-1,126503,1,273490,118924,1,273555,1621710600.506631
0.14030000567436218,75.09269936041049,75.77192692763047,76.22397793261239,-93.94999694824219,158.52999877929688,55.650001525878906,1548204440.4708686,1564744401.7285054,37.38191013736921,8.778125158704139,37.56999969482422,-1,-1,118924,1,273491,111324,2,273555,1541454352.5555058
0.1363999992609024,75.11804541182968,75.7290563468268,76.20788014888976,-94.7300033569336,151.5,58.09000015258789,1465355386.6785874,1476903614.9605126,36.71136809752499,10.743555413719225,36.47999954223633,-1,-1,111324,1,273492,103793,1,273536,1466249441.215914
0.13259999454021454,75.14532979102057,75.68681103304625,76.19599439120474,-96.56999969482422,155.33999633789062,52.79999923706055,1385188496.4982862,1396647271.6435702,36.03188758137293,13.091938983415316,35.47999954223633,-1,-1,103793,1,273493,96445,1,273536,1371777678.4383848
0.12870000302791595,75.17139205739352,75.64386655704894,76.18052187450525,-97.51000213623047,152.27000427246094,53.77000045776367,1264789152.1382804,1272463144.0917895,34.959023159745016,10.727164180814162,34.779998779296875,-1,-1,96445,1,273494,89186,1,273536,1261014763.820593
0.12489999830722809,75.20007476101794,75.60185998158632,76.16233228837798,-94.81999969482422,146.47000122070312,53.779998779296875,1133065116.9721353,1136805268.9614067,33.702875920902365,11.957978868321074,34.439998626708984,-1,-1,89186,1,273495,82057,1,273536,1164207969.0061092
0.12110000103712082,75.22614839588222,75.56195657701966,76.14975305272186,-92.72000122070312,144.41000366210938,55.029998779296875,1094769828.6395469,1094769828.6395469,33.32141187858553,13.109820199215257,34.779998779296875,-1,-1,82057,1,273496,75066,2,273536,1088411598.8675308
0.11720000207424164,75.2540466736049,75.5195179988865,76.13526959476803,-90.13999938964844,145.0800018310547,55.02000045776367,1037401281.4781702,1037460885.1139919,32.73133602037176,13.22604739138416,34.83000183105469,-1,-1,75066,1,273497,68255,1,273523,1029156620.4738488
0.11339999735355377,75.2799895708189,75.47551625319554,76.11284524562052,-87.93000030517578,141.4600067138672,57.959999084472656,955297320.8165698,955297320.8165698,31.84473296068692,7.638205822561097,34.779998779296875,-1,-1,68255,1,273498,61634,1,273523,952714909.8495008
0.1096000000834465,75.30545499139706,75.43232167038899,76.09621314280542,-86.93000030517578,137.49000549316406,55.77000045776367,865444792.13232,865504395.7681419,30.81656944696673,7.088362344631831,34.88999938964844,-1,-1,61634,1,273499,55174,1,273523,873740092.3856355
0.10570000112056732,75.3322618939521,75.3884506623483,76.07947872356834,-86.54000091552734,139.02999877929688,54.52000045776367,800476829.0865742,800536432.722396,30.02682024916386,8.140366295200756,33.58000183105469,-1,-1,55174,1,273500,49060,1,273523,783936820.1460289
0.10189999639987946,75.35943827247534,75.34573355617759,76.06028871020409,-83.33000183105469,137.0800018310547,58.11000061035156,685888839.2191924,685903763.9696021,28.520338831244878,9.506780084102097,32.25,-1,-1,49060,1,273501,43162,2,273523,684596918.492028
0.09799999743700027,75.38575632990322,75.30235707750975,76.03814857333983,-84.83000183105469,130.6999969482422,55.9900016784668,567426613.0233943,567456414.8413053,26.77544309740858,13.069587108400038,30.809999465942383,-1,-1,43162,1,273502,37499,1,273513,593552364.7742512
0.094200000166893,75.41373987131085,75.26121450738817,76.02126636371547,-81.23999786376953,128.8300018310547,53.7599983215332,527343167.93324393,527328243.18283415,26.128743626005228,12.367754717232698,31.290000915527344,-1,-1,37499,1,273503,32126,1,273513,531168243.18283415
0.09040000289678574,75.44199057226474,75.21858266490241,76.00810733500154,-80.04000091552734,128.3800048828125,49.970001220703125,498733422.73878706,498673819.10296524,25.64744433495526,17.4728055910495,31.010000228881836,-1,-1,32126,1,273504,27027,1,273513,470670552.82372224
0.08649999648332596,75.46975242809147,75.17485944724903,75.9922369211055,-77.66999816894531,129.91000366210938,49.560001373291016,385933541.9460587,385948442.85501415,23.549396365396916,23.05021585854701,28.540000915527344,-1,-1,27027,1,273505,22336,1,273513,397407241.84175235
0.08269999921321869,75.4935921544095,75.12864084574882,75.97039236501581,-75.05999755859375,125.30999755859375,51.720001220703125,307554760.84041125,307614364.47623307,21.834301710519576,9.74966505923475,27.290000915527344,-1,-1,22336,1,273506,18084,1,273513,306313527.04514974
0.07880000025033951,75.51752282865817,75.08723111608099,75.950872665403,-74.05000305175781,123.01000213623047,52.93000030517578,225450752.49590224,225450752.49590224,19.687080752776748,13.832513771972291,25.610000610351562,-1,-1,18084,1,273507,14281,1,273513,233099377.14200565
0.07500000298023224,75.54471625991842,75.04169462406054,75.93088685764567,-71.16000366210938,119.83000183105469,51.209999084472656,166294143.9427805,166219639.39800328,17.78572473595633,3.3616451228753834,24.780000686645508,-1,-1,14281,1,273508,10969,1,273513,174523915.95887348
0.07119999825954437,75.57034652362084,74.99843751455167,75.90847956123517,-69.0999984741211,115.0199966430664,51.56999969482422,131828341.52883326,131831321.71062434,16.46401398655484,4.950081994788975,22.360000610351562,-1,-1,10969,1,273509,8055,1,273513,123573237.96751602
0.06729999929666519,75.60174061242735,74.95490756125088,75.8966165405328,-67.0,113.0,44.779998779296875,72597228.43093428,72603188.79451646,13.495753479686016,3.4778723150442863,19.100000381469727,-1,-1,8055,1,273510,5549,1,273513,83425271.94158843
0.06350000202655792,75.6208339936153,74.91114455387785,75.86674014531879,-66.2699966430664,110.83000183105469,51.06999969482422,45850096.85590821,45854567.128594846,11.578006229960533,2.4944121960893044,17.219999313354492,-1,-1,5549,1,273511,3497,1,273513,49033974.072418414
0.059700001031160355,75.64881753502296,74.86395394636895,75.85076741500079,-65.20999908447266,111.04000091552734,47.38999938964844,28654447.9213232,28658918.194009833,9.90016398957795,2.2396066472669274,15.100000381469727,-1,-1,3497,1,273512,1895,1,273513,28655938.012218744
0.055799998342990875,75.6721058895115,74.82328885288321,75.82112975810469,-56.290000915527344,103.4800033569336,48.81999969482422,11463269.259424824,11463567.277603934,7.293994905269726,1.4334674599877306,11.720000267028809,-1,-1,1895,1,273513,673,0,273513,11463269.259424824
